temps,horloge
verite,mensonge
route,voiture
espoir,reve
foret,arbre
maison,toit
nuit,etoile
cinema,film
lune,nuit
chocolat,gâteau
temps,minute
famille,amour
pluie,parapluie
route,voiture
guitare,melodie
verite,mensonge
verite,mensonge
guitare,melodie
guitare,melodie
espoir,reve
cinema,film
soleil,plage
foret,arbre
temps,minute
livre,page
ordinateur,clavier
cafe,croissant
verite,mensonge
fleur,parfum
musique,danse
velo,casque
temps,minute
chat,souris
velo,casque
maison,toit
velo,casque
yeux,regard
cafe,croissant
yeux,regard
temps,minute
pluie,parapluie
yeux,regard
maison,toit
mer,bateau
maison,toit
ecole,eleve
feu,chaleur
maison,toit
temps,minute
fleur,parfum
nuit,etoile
temps,minute
guitare,melodie
famille,amour
maison,toit
verite,mensonge
maison,toit
yeux,regard
cinema,film
photo,souvenir
plume,encre
temps,minute
verite,mensonge
velo,casque
amour,bonheur
oiseau,nid
photo,souvenir
cinema,film
montagne,neige
velo,casque
chat,souris
train,gare
temps,minute
verite,mensonge
ordinateur,clavier
musique,danse
foret,arbre
fleur,parfum
soleil,plage
temps,minute
pain,fromage
soleil,plage
argent,banque
temps,minute
stylo,papier
football,ballon
velo,casque
temps,minute
feu,chaleur
velo,casque
plume,encre
verite,mensonge
ville,immeuble
oiseau,nid
amour,bonheur
temps,minute
ecole,eleve
pain,fromage
chat,souris
chat,souris
temps,horloge
train,gare
velo,casque
fleur,parfum
fleur,parfum
cinema,film
ecole,eleve
fleur,parfum
fleur,parfum
temps,minute
nourriture,faim
cle,porte
photo,souvenir
photo,souvenir
verite,mensonge
temps,minute
maison,toit
temps,minute
train,gare
nuit,etoile
yeux,regard
guitare,melodie
temps,horloge
temps,minute
photo,souvenir
pain,fromage
guitare,melodie
main,doigt
maison,toit
maison,toit
nourriture,faim
cheval,fer
livre,bibliotheque
maison,toit
pain,fromage
nuit,etoile
soleil,plage
cheval,fer
verite,mensonge
soleil,plage
maison,toit
temps,minute
plume,encre
feu,chaleur
verite,mensonge
velo,casque
yeux,regard
radio,son
foret,arbre
temps,minute
oiseau,nid
temps,minute
ecole,eleve
guitare,melodie
radio,son
chat,souris
yeux,regard
verite,mensonge
feu,chaleur
nuit,etoile
chat,souris
feu,chaleur
musique,danse
yeux,regard
verite,mensonge
maison,toit
guitare,melodie
photo,souvenir
route,voiture
foret,arbre
temps,minute
temps,minute
plume,encre
maison,toit
ciel,nuage
route,voiture
foret,arbre
train,gare
velo,casque
lune,nuit
ecole,eleve
temps,minute
ecole,eleve
nuit,etoile
maison,toit
velo,casque
ecole,eleve
cafe,croissant
yeux,regard
velo,casque
fleur,parfum
temps,minute
train,gare
argent,banque
nourriture,faim
temps,minute
ecole,eleve
temps,minute
temps,minute
football,ballon
soleil,plage
chat,souris
velo,casque
ecole,eleve
soleil,plage
velo,casque
foret,arbre
cheval,fer
fleur,parfum
fleur,parfum
nuit,etoile
plume,encre
verite,mensonge
guitare,melodie
bouteille,eau
plume,encre
pain,fromage
temps,minute
verite,mensonge
cinema,film
cafe,croissant
yeux,regard
temps,minute
verite,mensonge
maison,toit
espoir,reve
foret,arbre
soleil,plage
verite,mensonge
guitare,melodie
foret,arbre
guitare,melodie
soleil,plage
espoir,reve
nourriture,faim
neige,hiver
soleil,plage
ami,soutien
velo,casque
temps,minute
velo,casque
temps,minute
ami,soutien
cinema,film
radio,son
verite,mensonge
chat,souris
cheval,fer
cafe,croissant
yeux,regard
photo,souvenir
chocolat,gâteau
guitare,melodie
livre,bibliotheque
temps,minute
amour,bonheur
ciel,nuage
soleil,plage
verite,mensonge
ecole,eleve
montagne,neige
nuit,etoile
cinema,film
nuit,etoile
pain,fromage
photo,souvenir
soleil,plage
yeux,regard
pain,fromage
oiseau,nid
temps,minute
oiseau,nid
chat,souris
photo,souvenir
montagne,neige
foret,arbre
train,gare
cinema,film
fleur,parfum
velo,casque
maison,toit
temps,minute
football,ballon
cheval,fer
train,gare
temps,minute
bureau,chaise
photo,souvenir
cle,porte
argent,banque
fleur,parfum
ete,vacances
cheval,fer
temps,minute
guitare,melodie
soleil,plage
temps,horloge
nourriture,faim
temps,minute
temps,minute
verite,mensonge
bouteille,eau
fleur,parfum
soleil,plage
cle,porte
temps,minute
guitare,melodie
feu,chaleur
radio,son
soleil,plage
temps,horloge
chat,souris
bouteille,eau
fleur,parfum
ocean,vague
temps,minute
feu,chaleur
fleur,parfum
bouteille,eau
yeux,regard
oiseau,nid
espoir,reve
cheval,fer
cafe,croissant
chat,souris
temps,horloge
velo,casque
ordinateur,clavier
pluie,parapluie
pain,fromage
plume,encre
maison,toit
cafe,croissant
temps,horloge
livre,bibliotheque
temps,minute
velo,casque
verite,mensonge
photo,souvenir
cle,porte
nuit,etoile
temps,minute
guitare,melodie
temps,horloge
fleur,parfum
nourriture,faim
ecole,eleve
famille,amour
train,gare
temps,minute
velo,casque
ocean,vague
ecole,eleve
famille,amour
photo,souvenir
feu,chaleur
maison,toit
soleil,plage
temps,minute
velo,casque
guitare,melodie
maison,toit
plume,encre
musique,danse
verite,mensonge
temps,minute
ocean,vague
velo,casque
espoir,reve
feu,chaleur
feu,chaleur
fleur,parfum
feu,chaleur
fleur,parfum
yeux,regard
velo,casque
bureau,chaise
guitare,melodie
amour,bonheur
soleil,plage
temps,minute
yeux,regard
train,gare
cheval,fer
soleil,plage
velo,casque
fleur,parfum
famille,amour
amour,bonheur
verite,mensonge
chat,souris
ordinateur,clavier
oiseau,nid
chat,souris
musique,danse
plume,encre
feu,chaleur
nuit,etoile
cheval,fer
verite,mensonge
feu,chaleur
nuit,etoile
temps,minute
mer,bateau
feu,chaleur
velo,casque
maison,toit
nourriture,faim
guitare,melodie
ecole,eleve
fleur,parfum
maison,toit
soleil,plage
nourriture,faim
fleur,parfum
train,gare
plume,encre
temps,minute
bouteille,eau
argent,banque
photo,souvenir
plume,encre
amour,bonheur
guitare,melodie
route,voiture
train,gare
maison,toit
maison,toit
neige,hiver
bouteille,eau
oiseau,nid
cle,porte
photo,souvenir
nuit,etoile
chat,souris
yeux,regard
bureau,chaise
photo,souvenir
cafe,croissant
temps,minute
musique,danse
temps,minute
fleur,parfum
guitare,melodie
amour,bonheur
feu,chaleur
train,gare
route,voiture
ordinateur,clavier
bureau,chaise
guitare,melodie
nourriture,faim
guitare,melodie
temps,minute
livre,bibliotheque
maison,toit
velo,casque
ville,immeuble
temps,minute
musique,danse
nourriture,faim
fleur,parfum
cheval,fer
mer,bateau
temps,horloge
temps,horloge
temps,minute
photo,souvenir
temps,minute
musique,danse
train,gare
velo,casque
chat,souris
soleil,plage
photo,souvenir
verite,mensonge
cafe,croissant
soleil,plage
guitare,melodie
amour,bonheur
maison,toit
radio,son
temps,minute
soleil,plage
guitare,melodie
cafe,croissant
cinema,film
nuit,etoile
soleil,plage
chocolat,gâteau
temps,minute
cinema,film
ecole,eleve
cle,porte
soleil,plage
verite,mensonge
cafe,croissant
foret,arbre
feu,chaleur
cinema,film
